{
  "view/UploadDeductionUI.view.xml": 1640088929467,
  "model/models.js": 1640088910851,
  "manifest.json": 1640093646898,
  "controller/UploadDeductionUI.controller.js": 1640088929463,
  "Component.js": 1640088910839,
  "manifest-bundle.zip": 1640093646915,
  "Component-preload.js": 1640093647290,
  "controller/UploadDeductionUI-dbg.controller.js": 1640088929463,
  "model/models-dbg.js": 1640088910851,
  "Component-dbg.js": 1640088910839,
  "i18n/i18n.properties": 1640088910843,
  "css/style.css": 1640088910843,
  "index.html": 1640088910843
}